City_ID,City,Latitude,Longitude,Max Temperature (C),Humidity (%),Cloudiness (%),Wind Speed (m/sec),Country,Date
0,college,64.8569,-147.8028,-4.5,84,75,0.0,US,1698527978
1,bilibino,68.0546,166.4372,-22.35,97,32,0.95,RU,1698527978
2,pelabuhanratu,-6.9875,106.5514,24.57,87,37,1.86,ID,1698527978
3,atafu village,-8.5421,-172.5159,28.38,75,30,4.05,TK,1698527979
4,grytviken,-54.2811,-36.5092,-0.02,94,100,1.65,GS,1698527979
5,aasiaat,68.7098,-52.8699,-10.23,93,81,3.95,GL,1698527979
6,tralee,52.2704,-9.7026,9.37,91,100,1.82,IE,1698527979
7,stanley,54.868,-1.6985,9.29,95,40,2.57,GB,1698527979
8,weno,7.4515,151.8468,28.97,84,100,2.57,FM,1698527980
9,vorgashor,67.5833,63.95,-16.59,100,97,0.51,RU,1698527980
10,bethel,41.3712,-73.414,26.05,63,0,2.68,US,1698527980
11,longyearbyen,78.2186,15.6401,-3.09,86,75,3.09,SJ,1698527712
12,lebu,-37.6167,-73.65,10.02,83,91,7.65,CL,1698527980
13,aripuana,-9.1667,-60.6333,34.21,40,93,0.55,BR,1698527980
14,iqaluit,63.7506,-68.5145,-13.15,71,20,3.6,CA,1698527699
15,kingston,17.997,-76.7936,30.69,67,74,0.89,JM,1698527916
16,perrysburg,41.557,-83.6272,14.08,66,40,5.14,US,1698527981
17,toropets,56.4978,31.6353,-0.68,97,100,3.2,RU,1698527981
18,ushuaia,-54.8,-68.3,6.81,61,0,4.63,AR,1698527981
19,enewetak,11.3474,162.3373,28.45,73,93,4.5,MH,1698527981
20,luderitz,-26.6481,15.1594,16.96,58,0,10.78,NA,1698527981
21,edinburgh of the seven seas,-37.0676,-12.3116,13.72,88,100,9.71,SH,1698527981
22,mount gambier,-37.8333,140.7667,6.65,85,36,2.3,AU,1698527981
23,ocean city,39.2776,-74.5746,27.14,61,0,3.65,US,1698527982
24,port-aux-francais,-49.35,70.2167,4.96,98,100,8.6,TF,1698527684
25,beloomut,54.9448,39.3394,-0.53,99,100,4.61,RU,1698527982
26,albany,42.6001,-73.9662,18.46,60,58,4.54,US,1698527729
27,waitangi,-43.9535,-176.5597,12.12,78,31,2.68,NZ,1698527706
28,zelenogorskiy,55.0333,87.0,-6.38,93,94,1.17,RU,1698527982
29,gisborne,-38.6533,178.0042,12.91,55,100,3.94,NZ,1698527982
30,stratford,41.1845,-73.1332,27.12,63,20,2.24,US,1698527823
31,puerto natales,-51.7236,-72.4875,3.3,92,100,2.88,CL,1698527692
32,carnarvon,-24.8667,113.6333,19.33,67,2,10.59,AU,1698527983
33,bel ombre,-4.6167,55.4167,27.91,78,20,3.09,SC,1698527983
34,hasaki,35.7333,140.8333,12.38,62,21,7.8,JP,1698527983
35,yellowknife,62.456,-114.3525,0.79,79,75,9.26,CA,1698527882
36,kodiak,57.79,-152.4072,7.73,93,100,7.2,US,1698527983
37,tadine,-21.55,167.8833,22.49,75,4,7.92,NC,1698527983
38,kerikeri,-35.2268,173.9474,12.73,93,100,2.24,NZ,1698527857
39,sitka,57.0531,-135.33,8.94,71,100,0.0,US,1698527983
40,invercargill,-46.4,168.35,11.68,79,63,1.34,NZ,1698527840
41,nizhnesortymskiy,62.4397,71.7603,-11.37,91,12,2.39,RU,1698527984
42,papatowai,-46.5619,169.4708,10.79,60,40,1.66,NZ,1698527984
43,ilulissat,69.2167,-51.1,-3.99,74,98,4.63,GL,1698527984
44,manacapuru,-3.2997,-60.6206,36.61,31,37,1.06,BR,1698527984
45,lihue,21.9789,-159.3672,28.19,65,0,3.6,US,1698527984
46,tecax,20.2,-89.2833,35.29,28,14,2.91,MX,1698527984
47,drouin,-38.1333,145.85,12.99,83,54,0.44,AU,1698527696
48,el calafate,-50.3408,-72.2768,7.27,55,62,4.79,AR,1698527985
49,puerto ayora,-0.7393,-90.3518,27.98,88,67,4.02,EC,1698527748
50,altai,46.3722,96.2583,-2.04,43,37,2.02,MN,1698527985
51,mardan,34.2019,72.0525,20.36,42,7,1.29,PK,1698527985
52,changli,39.7042,119.1506,12.01,85,0,1.49,CN,1698527985
53,utrik,11.2278,169.8474,28.31,77,92,8.31,MH,1698527985
54,selendi,38.7444,28.8678,18.21,75,0,1.07,TR,1698527985
55,ribeira grande,38.5167,-28.7,17.65,64,100,2.68,PT,1698527985
56,altay,47.8667,88.1167,0.26,34,100,2.04,CN,1698527986
57,iskateley,67.6803,53.1512,-12.21,90,100,3.58,RU,1698527986
58,bereznik,62.8551,42.7072,-3.85,91,100,3.31,RU,1698527986
59,zalingei,12.9096,23.4741,26.79,48,86,3.87,SD,1698527986
60,isafjordur,66.0755,-23.124,2.25,87,100,2.51,IS,1698527986
61,san antonio de pale,-1.4014,5.6325,26.2,79,6,3.16,GQ,1698527899
62,olonkinbyen,70.9221,-8.7187,-0.73,73,99,2.79,SJ,1698527987
63,port alfred,-33.5906,26.891,12.88,71,100,2.68,ZA,1698527987
64,nabire,-3.3667,135.4833,24.09,91,100,1.18,ID,1698527987
65,whitehorse,60.7161,-135.0538,-4.57,93,100,4.63,CA,1698527889
66,blackmans bay,-43.0167,147.3167,10.41,76,100,0.45,AU,1698527987
67,akrehamn,59.2667,5.1833,6.34,60,100,4.63,NO,1698527987
68,alaghsas,17.0187,8.0168,27.93,11,48,3.03,NE,1698527987
69,scottburgh,-30.2867,30.7532,15.64,82,100,8.32,ZA,1698527988
70,port mathurin,-19.6833,63.4167,24.35,79,10,3.95,MU,1698527988
71,adamstown,-25.066,-130.1015,22.81,81,99,6.92,PN,1698527988
72,kirakira,-10.4544,161.9205,27.46,79,62,2.86,SB,1698527988
73,pimentel,-6.8367,-79.9342,24.16,64,20,9.26,PE,1698527988
74,vytegra,61.0064,36.4481,-2.02,89,100,1.79,RU,1698527988
75,wailua homesteads,22.0669,-159.378,27.85,66,0,3.6,US,1698527988
76,tiksi,71.6872,128.8694,-11.85,93,100,3.83,RU,1698527988
77,santanyi,39.3546,3.1291,20.66,71,4,5.28,ES,1698527989
78,porto novo,6.4965,2.6036,27.9,81,1,2.43,BJ,1698527989
79,holualoa,19.6228,-155.9522,27.7,68,20,4.63,US,1698527989
80,monduli,-3.3,36.45,19.0,75,94,2.57,TZ,1698527989
81,yuzhno-kurilsk,44.0306,145.8556,11.32,87,95,3.49,RU,1698527989
82,namibe,-15.1961,12.1522,21.12,82,66,1.24,AO,1698527989
83,pisco,-13.7,-76.2167,23.03,64,0,5.14,PE,1698527989
84,zhabinka,52.1984,24.0115,7.06,80,99,1.13,BY,1698527989
85,winslow,35.0242,-110.6974,22.1,23,0,9.77,US,1698527765
86,uturoa,-16.7333,-151.4333,26.33,76,97,5.51,PF,1698527990
87,saint-francois,46.4154,3.9054,16.47,63,0,7.72,FR,1698527990
88,afaahiti,-17.75,-149.2833,27.93,75,84,2.48,PF,1698527827
89,petropavlovsk-kamchatsky,53.0452,158.6483,3.03,59,0,4.0,RU,1698527990
90,la passe,45.5549,-0.8967,16.1,91,100,6.89,FR,1698527990
91,san felice circeo,41.2372,13.0942,18.65,69,1,0.65,IT,1698527990
92,suwayr,30.1171,40.3893,24.52,33,93,2.43,SA,1698527991
93,badger,64.8,-147.5333,-4.55,88,0,0.0,US,1698527991
94,fale old settlement,-9.3852,-171.2468,28.4,75,36,4.62,TK,1698527991
95,talnakh,69.4865,88.3972,-14.33,94,52,1.0,RU,1698527991
96,pariaman,-0.619,100.12,26.03,90,35,1.48,ID,1698527991
97,hammerfest,70.6634,23.6821,0.25,74,100,2.06,NO,1698527991
98,jaru,-10.4389,-62.4664,36.52,32,100,2.38,BR,1698527991
99,klyuchi,52.2667,79.1667,-1.62,53,100,4.31,RU,1698527992
100,santana,-0.0583,-51.1817,32.1,55,20,5.14,BR,1698527992
101,avarua,-21.2078,-159.775,24.03,64,40,6.17,CK,1698527992
102,kapuskasing,49.4169,-82.4331,-0.95,69,75,5.14,CA,1698527992
103,murun-kuren,49.6342,100.1625,-4.88,45,14,1.07,MN,1698527992
104,kuhdasht,33.535,47.6061,15.21,34,24,1.42,IR,1698527992
105,santa cruz,-17.8,-63.1667,24.03,83,75,8.23,BO,1698527992
106,mata-utu,-13.2816,-176.1745,27.36,81,35,6.46,WF,1698527992
107,okha,53.5739,142.9478,0.31,94,100,5.12,RU,1698527918
108,smara,26.7384,-11.6719,21.16,63,7,5.33,EH,1698527993
109,tura,25.5198,90.2201,18.98,86,0,1.86,IN,1698527744
110,imishli,39.8709,48.06,17.47,37,18,4.33,AZ,1698527993
111,vila velha,-20.3297,-40.2925,25.97,83,20,8.75,BR,1698527993
112,havana,23.133,-82.383,29.24,58,20,6.69,CU,1698527840
113,gewane,10.1664,40.6453,24.95,68,73,3.38,ET,1698527786
114,shingu,33.7333,135.9833,11.13,78,0,3.6,JP,1698527994
115,challapata,-18.9,-66.7667,16.48,10,95,6.1,BO,1698527994
116,escarcega,18.6089,-90.7454,35.71,24,0,0.98,MX,1698527994
117,trujillo,-8.116,-79.03,20.98,83,0,5.14,PE,1698527871
118,codrington,-38.2667,141.9667,7.34,82,29,3.67,AU,1698527994
119,amos,48.5669,-78.1162,-0.4,71,100,4.45,CA,1698527933
120,west island,-12.1568,96.8225,25.99,69,100,9.77,CC,1698527995
121,rio grande,-32.035,-52.0986,26.06,92,100,2.24,BR,1698527799
122,hotan,37.0997,79.9269,13.8,20,3,2.69,CN,1698527995
123,st. john's,47.5649,-52.7093,12.66,95,75,8.23,CA,1698527877
124,guerrero negro,27.9769,-114.0611,21.69,60,0,8.42,MX,1698527995
125,margate,51.3813,1.3862,14.61,89,100,3.13,GB,1698527995
126,ancud,-41.8697,-73.8203,8.09,76,89,11.97,CL,1698527995
127,kokpekty,48.75,82.4,-0.11,44,100,3.37,KZ,1698527996
128,nemuro,43.3236,145.575,12.22,75,95,2.88,JP,1698527996
129,alpena,45.0617,-83.4327,7.18,69,75,4.63,US,1698527837
130,georgetown,5.4112,100.3354,25.57,95,20,2.57,MY,1698527996
131,bangaon,23.0667,88.8167,22.05,59,0,2.32,IN,1698527996
132,tommot,58.9564,126.2925,-1.97,96,100,3.59,RU,1698527996
133,argo,37.6333,22.7333,19.32,71,98,1.8,GR,1698527996
134,khark,29.2614,50.3306,28.61,61,78,4.53,IR,1698527997
135,loudi,27.7344,111.9944,16.57,84,66,0.46,CN,1698527997
136,bredasdorp,-34.5322,20.0403,13.73,46,99,6.28,ZA,1698527997
137,cortez,37.3489,-108.5859,16.69,39,75,8.23,US,1698527997
138,palora,-1.7,-77.9333,23.06,77,100,1.42,EC,1698527997
139,constantia,44.1833,28.65,17.61,50,90,3.04,RO,1698527997
140,umred,20.85,79.3333,19.16,60,0,1.37,IN,1698527997
141,port elizabeth,-33.918,25.5701,12.4,61,83,1.79,ZA,1698527997
142,ceeldheer,3.8488,47.1806,27.17,77,49,2.39,SO,1698527998
143,mana,5.6592,-53.7767,27.92,80,56,6.55,GF,1698527998
144,felege neway,6.3,36.8833,17.7,99,100,0.43,ET,1698527998
145,bosobolo,4.1833,19.9,22.29,89,15,0.44,CD,1698527998
146,ulaangom,49.9811,92.0667,-4.2,57,19,1.38,MN,1698527998
147,pudasjarvi,65.3833,26.9167,-6.51,92,18,0.88,FI,1698527998
148,bay harbor,30.1471,-85.6146,27.25,74,0,4.63,US,1698527998
149,margaret river,-33.95,115.0667,14.68,84,100,4.94,AU,1698527999
150,anadyr,64.75,177.4833,1.28,100,100,4.0,RU,1698527999
151,nizhneangarsk,55.7833,109.55,-6.11,54,17,3.58,RU,1698527999
152,kuta,-8.7233,115.1723,25.0,100,40,1.03,ID,1698527999
153,egersund,58.4513,5.9997,6.16,69,97,11.41,NO,1698527999
154,ust-nera,64.5667,143.2,-17.67,99,100,1.29,RU,1698527872
155,embarcacion,-23.209,-64.096,34.01,50,8,3.1,AR,1698527999
156,conde,-7.2597,-34.9075,26.7,74,20,4.12,BR,1698528000
157,soure,-0.7167,-48.5233,28.38,74,7,6.11,BR,1698528000
158,coahuayana de hidalgo,18.7,-103.6583,30.56,68,85,3.06,MX,1698528000
159,susuman,62.7833,148.1667,-17.23,99,91,0.45,RU,1698528000
160,tobol'sk,58.2,68.2667,-6.89,94,25,2.24,RU,1698528001
161,hermanus,-34.4187,19.2345,14.12,54,18,9.09,ZA,1698528001
162,palu,-0.8917,119.8707,22.79,83,81,1.84,ID,1698528001
163,antsiranana,-12.2787,49.2917,24.39,84,8,6.06,MG,1698528001
164,torbat-e jam,35.244,60.6225,19.29,31,100,1.28,IR,1698528002
165,yarmouth,41.7057,-70.2286,23.97,76,0,3.6,US,1698527923
166,carutapera,-1.195,-46.02,27.5,77,12,5.73,BR,1698528002
167,hernando,28.5419,-82.4582,30.48,52,0,4.12,US,1698527961
168,perth,-31.9333,115.8333,13.21,82,75,2.06,AU,1698527457
169,san carlos,9.6612,-68.5827,28.85,75,100,1.26,VE,1698528003
170,wewak,-3.5534,143.6268,26.0,88,100,3.09,PG,1698528003
171,pakhtakoron,40.1571,68.7466,20.73,33,100,4.14,TJ,1698528004
172,fuerte olimpo,-21.0415,-57.8738,34.13,41,92,4.23,PY,1698528004
173,namtsy,62.7161,129.6658,-5.52,86,100,4.42,RU,1698528004
174,oltinko'l,40.8011,72.1634,19.07,39,100,3.47,UZ,1698528005
175,bubaque,11.2833,-15.8333,27.78,76,11,3.82,GW,1698528005
176,boende,-0.2167,20.8667,22.37,87,23,1.03,CD,1698528005
177,saipan,15.1355,145.701,27.39,94,40,3.09,MP,1698528005
178,minas de marcona,-15.2119,-75.1103,16.78,76,73,6.81,PE,1698528006
179,nantucket,41.2835,-70.0995,22.08,87,0,5.14,US,1698527751
180,thompson,55.7435,-97.8558,-2.91,80,75,4.12,CA,1698528006
181,vilyuchinsk,52.9306,158.4028,3.85,73,100,1.77,RU,1698527724
182,maghar,32.8898,35.407,26.37,48,20,1.13,IL,1698528007
183,vadso,70.0744,29.7487,-1.91,80,100,2.06,NO,1698528007
184,howrah,22.5892,88.3103,24.0,83,20,1.54,IN,1698528007
185,tolanaro,-25.0319,46.9987,23.19,90,13,6.58,MG,1698528007
186,dauphin,51.1494,-100.0502,-1.92,74,100,7.72,CA,1698528007
187,polygyros,40.3744,23.4383,20.89,66,100,0.84,GR,1698528007
188,geraldton,-28.7667,114.6,14.23,77,0,5.66,AU,1698528008
189,bikenibeu village,1.3673,173.1241,30.98,74,40,2.57,KI,1698528008
190,popondetta,-8.7537,148.2534,23.04,96,100,1.3,PG,1698528008
191,taksimo,56.3444,114.8794,-5.99,58,100,2.54,RU,1698527858
192,keren,15.7778,38.4581,21.89,66,57,1.84,ER,1698528008
193,arauca,7.0847,-70.7591,29.98,84,40,0.0,CO,1698527773
194,okhotsk,59.3833,143.3,-4.3,83,99,5.87,RU,1698528009
195,les avirons,-21.2418,55.3394,22.03,73,0,2.57,RE,1698528009
196,tacurong,6.6833,124.6833,23.8,93,99,0.71,PH,1698528009
197,turtas,58.9417,69.1325,-6.27,91,24,1.74,RU,1698528010
198,apostolove,47.66,33.7137,11.88,67,0,3.09,UA,1698528010
199,punta arenas,-53.15,-70.9167,5.06,70,75,3.6,CL,1698527914
200,hutang,31.5333,119.4833,15.24,83,6,2.71,CN,1698528010
201,katsuren-haebaru,26.3369,127.8719,22.01,78,20,2.57,JP,1698528010
202,whistler,50.1164,-122.9695,5.66,35,0,0.0,CA,1698528010
203,lensk,60.7253,114.9278,-4.02,61,35,4.91,RU,1698528011
204,san martin hidalgo,20.4354,-103.9288,28.84,42,50,0.45,MX,1698528011
205,levokumskoye,44.8219,44.6606,20.06,48,88,3.38,RU,1698528011
206,tofol,5.3248,163.0078,28.54,73,9,4.19,FM,1698528011
207,hirara,24.8,125.2833,21.92,78,15,3.6,JP,1698528012
208,knyaze-volkonskoye,48.4642,135.4567,-2.81,56,8,2.68,RU,1698528013
209,kamennogorsk,60.9545,29.1339,-0.95,94,51,2.0,RU,1698528013
210,chelghoum el aid,36.1629,6.1665,19.32,50,100,2.07,DZ,1698528013
211,katsuura,35.1333,140.3,15.86,73,40,5.48,JP,1698528014
212,santarem,-2.4431,-54.7083,34.07,59,42,3.6,BR,1698528014
213,jamestown,42.097,-79.2353,12.77,77,100,2.57,US,1698528014
214,karratha,-20.7377,116.8463,27.04,66,14,2.92,AU,1698528014
215,mezhdurechenskiy,59.6,65.9333,-6.98,79,14,2.48,RU,1698528015
216,tougan,13.0667,-3.0667,29.79,27,20,3.14,BF,1698528015
217,lamu,-2.2717,40.902,25.12,87,19,4.65,KE,1698528015
218,hami,42.8,93.45,9.11,51,1,2.73,CN,1698527859
219,fort bragg,35.139,-79.006,29.25,51,0,2.06,US,1698528015
220,kill devil hills,36.0307,-75.676,25.01,62,0,0.0,US,1698528016
221,collie,-33.3667,116.15,9.79,92,70,0.96,AU,1698528016
222,sanming,26.2486,117.6186,18.03,91,100,0.95,CN,1698528016
223,aras-asan,8.8908,126.3033,25.7,85,90,1.59,PH,1698528016
224,coari,-4.085,-63.1414,37.6,26,97,1.64,BR,1698528017
225,gracanica,44.7033,18.3097,9.25,71,70,1.66,BA,1698528017
226,flying fish cove,-10.4217,105.6791,24.82,88,75,3.09,CX,1698528017
227,ambon,-3.6954,128.1814,24.93,95,20,2.06,ID,1698528018
228,watsa,3.0372,29.5355,18.77,97,99,0.13,CD,1698528018
229,greymouth,-42.4667,171.2,10.38,80,10,1.46,NZ,1698528018
230,palikir - national government center,6.9248,158.1611,24.41,94,100,1.54,FM,1698528018
231,wajir,1.7471,40.0573,28.49,61,100,6.45,KE,1698528019
232,kayangel,8.0823,134.7173,26.85,80,99,3.67,PW,1698528019
233,tot'ma,59.9747,42.7642,-3.64,92,97,3.17,RU,1698528019
234,udachny,66.4167,112.4,-19.91,99,42,3.66,RU,1698528019
235,morant bay,17.8815,-76.4093,30.95,72,27,5.56,JM,1698528020
236,chonchi,-42.6128,-73.8092,10.07,83,81,6.13,CL,1698528020
237,taltal,-25.4,-70.4833,17.36,72,26,2.96,CL,1698527909
238,jinchang,38.4953,102.1739,8.44,35,5,0.91,CN,1698528020
239,gadzhiyevo,69.2551,33.3362,-5.98,92,93,2.02,RU,1698528020
240,qaqortoq,60.7167,-46.0333,0.46,82,30,1.29,GL,1698528020
241,domoni,-12.2569,44.5319,25.62,86,1,2.96,KM,1698528021
242,insuratei,44.9167,27.6,17.78,41,89,1.49,RO,1698528021
243,tyrnyauz,43.3828,42.9183,10.92,75,87,5.3,RU,1698528021
244,mar del plata,-38.0023,-57.5575,27.01,73,0,8.05,AR,1698528022
245,trincomalee,8.5711,81.2335,26.97,79,100,1.63,LK,1698528022
246,hithadhoo,-0.6,73.0833,27.12,81,40,8.1,MV,1698527814
247,bykovo,55.6361,38.0803,1.2,99,100,5.0,RU,1698528022
248,sabang,5.8933,95.3214,27.27,76,49,0.86,ID,1698528022
249,keflavik,64.0049,-22.5624,4.24,75,0,2.06,IS,1698528022
250,beledweyne,4.7358,45.2036,26.3,75,100,3.75,SO,1698528023
251,ulladulla,-35.35,150.4667,15.83,45,0,2.42,AU,1698528023
252,collingwood,44.4834,-80.2164,10.34,70,37,6.0,CA,1698528023
253,fortuna,40.5982,-124.1573,16.63,69,0,3.09,US,1698528023
254,fort wellington,6.4,-57.6,29.0,72,87,3.22,GY,1698528023
255,breckenridge,32.7557,-98.9023,14.49,100,100,2.06,US,1698528024
256,fuchucho,34.5667,133.2333,14.25,81,6,1.81,JP,1698528024
257,hun,29.1268,15.9477,24.0,22,7,2.45,LY,1698528024
258,east london,-33.0153,27.9116,13.84,76,100,9.27,ZA,1698528024
259,petukhovo,55.0692,67.9019,-3.0,75,100,5.26,RU,1698528024
260,cutrofiano,40.1263,18.2016,21.03,87,0,2.06,IT,1698528025
261,anapa,44.8908,37.3239,14.19,93,20,3.0,RU,1698528025
262,cathedral city,33.7797,-116.4653,28.34,25,0,3.6,US,1698528025
263,mount pearl,47.5166,-52.7813,12.2,95,75,8.23,CA,1698527759
264,payallar,36.6142,31.8564,22.43,59,95,1.33,TR,1698528025
265,launceston,-41.45,147.1667,11.0,81,47,4.12,AU,1698528025
266,owando,-0.4819,15.8999,25.8,72,100,0.61,CG,1698528026
267,dunedin,-45.8742,170.5036,12.11,69,90,2.68,NZ,1698528026
268,vila franca do campo,37.7167,-25.4333,17.71,99,100,6.32,PT,1698528026
269,kenai,60.5544,-151.2583,2.3,86,40,4.63,US,1698527845
270,acaponeta,22.4964,-105.3594,31.43,58,36,2.79,MX,1698528026
271,mhamid,29.82,-5.72,24.7,24,51,3.56,MA,1698528027
272,mtwara,-10.2667,40.1833,25.32,82,17,3.77,TZ,1698528027
273,ostersund,63.1792,14.6357,-2.44,80,100,2.06,SE,1698527879
274,burang,30.25,81.1667,1.31,68,66,1.01,CN,1698528027
275,hawaiian paradise park,19.5933,-154.9731,28.28,74,0,3.6,US,1698528027
276,moranbah,-22.0016,148.0466,20.05,64,14,6.94,AU,1698528028
277,remire-montjoly,4.9167,-52.2667,30.02,74,0,4.63,GF,1698528028
278,rosarito,32.3333,-117.0333,24.12,62,0,4.19,MX,1698528028
279,kwang binh,17.4833,106.6,24.8,91,96,3.3,VN,1698528029
280,sokoni,-6.4333,39.55,26.6,82,81,4.44,TZ,1698528029
281,xilin hot,43.9667,116.0333,7.19,50,30,3.53,CN,1698528029
282,tapes,-30.6733,-51.3958,22.45,86,100,2.55,BR,1698528029
283,camiri,-20.05,-63.5167,32.88,46,74,2.06,BO,1698528029
284,saldanha,-33.0117,17.9442,14.03,65,0,9.72,ZA,1698528030
285,touros,-5.1989,-35.4608,25.64,75,40,6.91,BR,1698527881
286,hadibu,12.65,54.0333,25.8,79,97,3.02,YE,1698528030
287,nicoya,10.1483,-85.452,27.1,84,100,1.8,CR,1698528030
288,pudozh,61.8099,36.5345,-3.36,80,100,1.79,RU,1698527931
289,fujin,47.26,132.0322,1.14,47,7,1.8,CN,1698528031
290,inhambane,-23.865,35.3833,22.05,80,31,3.89,MZ,1698528031
291,al muwayh,22.4333,41.7583,22.8,54,100,1.96,SA,1698528031
292,karakol,42.4907,78.3936,7.14,49,100,1.2,KG,1698528031
293,afif,23.9065,42.9172,22.19,33,70,4.24,SA,1698528033
294,talakan,50.3167,130.3667,-0.63,65,4,1.7,RU,1698528035
295,jaisalmer,26.9147,70.9181,26.83,27,69,4.67,IN,1698528036
296,tamanrasset,22.785,5.5228,25.95,14,75,2.57,DZ,1698528036
297,lugu,23.7464,120.7525,20.13,90,1,1.12,TW,1698528037
298,saint-philippe,-21.3585,55.7679,22.77,84,39,3.52,RE,1698528037
299,puerto baquerizo moreno,-0.9,-89.6,26.55,74,75,6.17,EC,1698528037
300,sona,45.4388,10.8255,12.75,82,0,2.57,IT,1698528037
301,sirjan,29.452,55.6814,16.4,48,9,3.1,IR,1698528037
302,fauske,67.2588,15.3918,0.02,88,97,2.42,NO,1698528038
303,ataq,14.5377,46.8319,22.62,67,50,2.79,YE,1698528038
304,homestead,25.4687,-80.4776,28.34,68,75,7.72,US,1698527823
305,amga,60.8953,131.9608,-7.54,89,100,2.22,RU,1698528040
306,settat,33.0007,-7.6204,16.9,73,96,3.19,MA,1698528040
307,kismayo,-0.3582,42.5454,26.49,85,4,4.78,SO,1698528040
308,ludza,56.55,27.7167,-0.83,95,100,2.22,LV,1698528041
309,masingbi,8.7833,-11.95,24.0,94,100,0.91,SL,1698528043
310,arraial do cabo,-22.9661,-42.0278,24.92,88,75,7.2,BR,1698528044
311,brandon,27.9378,-82.2859,31.18,61,40,6.17,US,1698527980
312,new norfolk,-42.7826,147.0587,11.62,69,100,1.78,AU,1698528046
313,motueka,-41.1333,173.0167,12.9,45,69,1.0,NZ,1698528046
314,usogorsk,63.4106,48.6872,-3.52,83,100,3.99,RU,1698528046
315,hamilton,39.1834,-84.5333,13.82,88,100,4.12,US,1698528047
316,qarazhal,48.0078,70.7903,6.74,81,100,6.91,KZ,1698528048
317,chivhu,-19.0211,30.8922,20.83,32,0,2.9,ZW,1698528048
318,chernogorsk,53.8236,91.2842,-7.24,79,0,3.0,RU,1698528048
319,alice springs,-23.7,133.8833,11.75,17,92,2.06,AU,1698528012
320,vernal,40.4555,-109.5287,8.62,38,75,5.66,US,1698528049
321,hepo,23.4308,115.8299,21.27,92,96,1.04,CN,1698528049
322,quebo,11.3333,-14.9333,24.72,94,7,2.06,GW,1698527903
323,mahdia,35.5047,11.0622,23.97,76,82,5.64,TN,1698528049
324,villa gesell,-37.2639,-56.973,21.84,60,3,7.23,AR,1698528050
325,ciudad lazaro cardenas,17.9583,-102.2,29.13,72,88,3.67,MX,1698527769
326,shizunai-furukawacho,42.3339,142.3669,11.94,87,97,1.74,JP,1698528050
327,vernon,50.2581,-119.2691,7.09,43,0,1.54,CA,1698528017
328,al burayqah,30.4062,19.5739,23.98,61,6,2.86,LY,1698528029
329,salalah,17.0151,54.0924,25.05,88,20,2.06,OM,1698527781
330,skovorodino,53.9833,123.9167,-2.02,79,100,1.35,RU,1698528051
331,tsiombe,-25.3,45.4833,23.01,85,0,1.54,MG,1698528051
332,haiku-pauwela,20.9219,-156.3051,29.01,57,40,7.72,US,1698528052
333,riosucio,5.4216,-75.7032,19.45,96,100,1.35,CO,1698528052
334,pishva,35.308,51.7267,19.31,21,0,1.17,IR,1698528052
335,noosa heads,-26.3833,153.15,19.5,59,90,6.04,AU,1698528052
336,walvis bay,-22.9575,14.5053,13.41,88,4,4.57,NA,1698528052
337,sao gabriel da cachoeira,-0.1303,-67.0892,29.92,70,100,0.1,BR,1698528053
338,benghazi,32.1167,20.0667,23.88,71,36,2.41,LY,1698528025
339,amal,59.051,12.7049,2.14,71,93,3.07,SE,1698528053
340,saint-pierre,-21.3393,55.4781,22.82,73,0,2.57,RE,1698528053
341,prince george,53.9166,-122.753,1.69,47,0,3.09,CA,1698528053
342,tual,-5.6667,132.75,27.17,80,100,2.27,ID,1698528053
343,la sarre,48.8002,-79.1996,-0.84,69,100,4.89,CA,1698528054
344,harstad,68.799,16.5293,0.64,95,100,0.89,NO,1698528054
345,fada,9.5667,8.3,22.96,72,3,0.33,NG,1698528054
346,krasnaya yaruga,50.8008,35.6583,8.72,87,100,9.65,RU,1698528055
347,muynoq,43.7683,59.0214,16.28,54,100,0.92,UZ,1698528055
348,nova sintra,14.8667,-24.7167,23.59,77,29,8.03,CV,1698528055
349,dabola,10.75,-11.1167,25.7,75,95,1.16,GN,1698528055
350,egilsstadir,65.2653,-14.3948,-0.05,100,75,2.06,IS,1698528055
351,valle aurina - ahrntal,46.9962,11.9799,5.34,97,75,3.84,IT,1698528055
352,port lincoln,-34.7333,135.8667,10.29,77,4,2.39,AU,1698527869
353,prince rupert,54.3161,-130.3201,7.05,70,0,2.06,CA,1698528056
354,severo-yeniseyskiy,60.3725,93.0408,-9.12,81,100,7.15,RU,1698528056
355,mahalapye,-23.1041,26.8142,28.93,23,100,2.02,BW,1698528056
356,tateyama,34.9833,139.8667,16.17,72,15,6.64,JP,1698528056
357,sogne,58.0833,7.8167,3.16,95,100,6.71,NO,1698528056
358,murzuq,25.9155,13.9184,25.3,23,0,3.15,LY,1698528057
359,masindi port,1.6961,32.0861,18.89,98,55,1.52,UG,1698528057
360,gwanda,-20.9333,29.0,26.64,27,2,5.16,ZW,1698528057
361,panaba,21.2833,-88.2667,31.77,48,12,8.56,MX,1698528057
362,srandakan,-7.9386,110.2506,23.97,89,50,1.28,ID,1698528057
363,idri,27.5,13.2667,25.51,19,0,2.78,LY,1698527813
364,barra do corda,-5.5,-45.25,34.12,27,26,0.65,BR,1698528057
365,kolonia town,6.964,158.206,25.0,94,100,1.54,FM,1698528058
366,kualakapuas,-3.0091,114.3876,23.3,86,68,1.42,ID,1698528058
367,pacific grove,36.6177,-121.9166,21.88,61,0,4.47,US,1698527828
368,tidjikja,18.5564,-11.4271,30.46,12,0,4.08,MR,1698528058
369,flin flon,54.7682,-101.865,-4.09,74,75,4.12,CA,1698528058
370,papao,-17.75,-149.55,28.82,75,67,3.77,PF,1698527874
371,ponta delgada,37.7333,-25.6667,17.88,72,20,3.09,PT,1698528058
372,merizo village,13.2658,144.6691,28.32,91,87,5.8,GU,1698528058
373,sasebo,33.1592,129.7228,13.35,74,77,2.15,JP,1698528059
374,barranca,-10.75,-77.7667,20.61,78,98,4.93,PE,1698527999
375,bechar,31.6167,-2.2167,25.18,16,0,3.6,DZ,1698528059
376,nikolayevsk-on-amure,53.1406,140.73,-2.36,85,59,2.09,RU,1698528059
377,perryton,36.4,-100.8027,-1.04,93,100,4.63,US,1698527953
378,robertsport,6.7533,-11.3686,26.65,84,13,2.91,LR,1698528028
379,yeed,4.55,43.0333,25.17,77,100,2.81,SO,1698528059
380,arno,60.1167,18.6333,2.66,67,100,2.07,SE,1698528059
381,atmakur,15.8833,78.5833,24.49,82,100,2.32,IN,1698528060
382,port-gentil,-0.7193,8.7815,26.49,84,5,3.22,GA,1698528060
383,kapatagan,7.9003,123.7692,23.22,92,89,0.77,PH,1698528060
384,gamba,-2.65,10.0,25.73,89,5,1.59,GA,1698528060
385,grand falls-windsor,48.9332,-55.6649,12.5,94,100,4.6,CA,1698528060
386,willemstad,12.1084,-68.9335,29.95,74,20,2.06,CW,1698527711
387,new yekepa,7.5794,-8.5378,21.92,88,44,0.61,LR,1698528060
388,acarau,-2.8856,-40.12,26.7,71,35,9.59,BR,1698528061
389,pucon,-39.2822,-71.9543,5.83,97,100,5.56,CL,1698527914
390,qusmuryn,52.4503,64.6311,1.22,99,100,2.92,KZ,1698528061
391,isangel,-19.55,169.2667,27.06,74,40,2.06,VU,1698528061
392,luang namtha,20.9497,101.4011,20.08,100,100,0.46,LA,1698528061
393,ixtapa,20.7,-105.2,30.68,62,40,4.12,MX,1698528062
394,brookings,44.3114,-96.7984,-2.71,91,100,5.14,US,1698527979
395,mingguang,32.7802,117.9638,15.72,56,55,2.75,CN,1698528062
396,roma,43.2128,-75.4557,14.42,67,75,7.2,US,1698528062
397,balakovo,52.0278,47.8007,11.1,96,94,7.81,RU,1698528063
398,vanimo,-2.6741,141.3028,25.08,88,91,1.61,PG,1698528063
399,solleftea,63.1667,17.2667,-5.08,78,92,0.9,SE,1698528063
400,sibanicu,21.235,-77.5264,23.25,84,51,5.99,CU,1698528063
401,phumi veal sre,10.9808,104.7783,25.88,87,100,1.95,KH,1698528063
402,rudbar,30.15,62.6,24.07,34,11,1.92,AF,1698528064
403,bukama,-9.2,25.85,21.93,91,99,1.94,CD,1698528064
404,itaituba,-4.2761,-55.9836,38.04,22,11,1.86,BR,1698528064
405,moyo,3.6609,31.7247,18.61,97,15,1.19,UG,1698528064
406,ulsteinvik,62.3432,5.8487,3.2,76,0,2.68,NO,1698528064
407,las tablas,7.7667,-80.2833,27.89,78,100,1.61,PA,1698528065
408,quintanar de la orden,39.5937,-3.0417,13.44,73,46,7.12,ES,1698528065
409,cidreira,-30.1811,-50.2056,20.8,89,100,5.95,BR,1698528065
410,kuqa,41.7278,82.9364,12.02,36,17,1.08,CN,1698528065
411,wenatchee,47.4235,-120.3103,9.51,44,0,0.89,US,1698528065
412,sur,22.5667,59.5289,27.89,63,98,4.38,OM,1698528066
413,santa catalina,9.3337,122.8637,25.99,85,25,1.33,PH,1698528066
414,mantua,45.1667,10.7833,13.58,88,0,1.16,IT,1698528066
415,stary krym,45.0333,35.1,14.34,50,83,2.4,UA,1698528066
416,sittwe,20.15,92.9,24.03,85,46,3.04,MM,1698528067
417,fort st. john,56.2499,-120.8529,-0.06,59,20,3.6,CA,1698527979
418,pancevo,44.8708,20.6403,14.42,79,25,2.09,RS,1698528067
419,midland,31.9974,-102.0779,24.16,84,100,6.17,US,1698527796
420,chepo,9.1667,-79.1,23.89,91,100,2.57,PA,1698528067
421,mogocha,53.7333,119.7667,-0.92,76,100,0.28,RU,1698528068
422,alvaraes,-3.2208,-64.8042,33.93,36,99,0.95,BR,1698528068
423,ola,59.5833,151.2833,-1.89,69,92,2.93,RU,1698528068
424,aykhal,66.0,111.5,-19.0,100,90,4.31,RU,1698528068
425,kasongo-lunda,-6.4667,16.8167,22.17,94,96,0.6,CD,1698528068
426,palmer,42.1584,-72.3287,24.92,58,75,6.69,US,1698528069
427,yaren,-0.5472,166.916,28.33,71,100,2.63,NR,1698528069
428,gazojak,41.1875,61.4036,19.72,35,3,3.47,TM,1698528069
429,somerset east,-32.7217,25.588,7.57,89,100,6.21,ZA,1698528069
430,helena valley southeast,46.6153,-111.9216,0.07,69,0,3.58,US,1698528069
431,iquitos,-3.7481,-73.2472,27.02,89,75,1.03,PE,1698527868
432,ahar,38.4774,47.0699,14.27,44,24,2.38,IR,1698528070
433,langsa,4.4683,97.9683,23.43,97,100,1.09,ID,1698528070
434,calvinia,-31.4707,19.776,10.47,52,0,10.35,ZA,1698528070
435,cabo san lucas,22.8909,-109.9124,30.34,57,0,6.17,MX,1698527816
436,phongsali,21.6833,102.1058,14.36,100,100,0.34,LA,1698528071
437,salinas,36.6777,-121.6555,22.23,48,0,5.66,US,1698528071
438,pinarbasi,38.7229,36.3931,12.5,47,45,1.92,TR,1698528071
439,zhangye,38.9342,100.4517,9.1,31,84,2.5,CN,1698528071
440,sainte-rose,16.3324,-61.6979,26.02,94,75,3.6,GP,1698528072
441,kievka,50.2619,71.5514,1.97,96,100,5.55,KZ,1698528072
442,princeville,45.7668,-61.2985,20.36,81,75,2.06,CA,1698528072
443,den burg,53.0542,4.7972,11.67,89,100,5.66,NL,1698528072
444,bamboo flat,11.7,92.7167,25.05,100,40,1.03,IN,1698528072
445,mtsensk,53.2766,36.5733,2.65,98,100,8.03,RU,1698528072
446,al kharijah,25.4514,30.5464,25.98,32,3,3.91,EG,1698528073
447,lompoc,34.6391,-120.4579,24.45,65,0,9.39,US,1698528073
448,mponela,-13.5319,33.7401,23.01,51,2,2.85,MW,1698528073
449,nha trang,12.25,109.1833,27.0,92,98,2.14,VN,1698528073
450,kailua-kona,19.6406,-155.9956,29.77,67,20,4.63,US,1698528027
451,lincoln,40.8,-96.667,1.12,70,100,8.23,US,1698527991
452,sechura,-5.5569,-80.8222,25.53,63,77,7.07,PE,1698528074
453,carroll,39.5501,-77.0164,26.67,60,63,0.45,US,1698528074
454,woolgoolga,-30.1106,153.2007,15.93,70,49,0.9,AU,1698528074
455,yeadon,53.8644,-1.6874,10.34,97,100,3.05,GB,1698528074
456,kikwit,-5.041,18.8162,22.41,93,28,0.62,CD,1698528074
457,canutama,-6.5339,-64.3831,34.56,36,100,1.17,BR,1698528075
458,kargasok,59.0556,80.8572,-11.13,97,60,2.24,RU,1698528075
459,kone,-21.0595,164.8658,21.54,75,90,3.22,NC,1698528075
460,pangody,65.85,74.4859,-9.1,96,96,2.93,RU,1698528075
461,kaoma,-14.7833,24.8,23.41,51,98,2.51,ZM,1698528075
462,essaouira,31.5125,-9.77,19.72,68,40,2.06,MA,1698528075
463,mount isa,-20.7333,139.5,21.87,20,24,2.57,AU,1698527828
464,zalari,53.5584,102.5065,-5.38,85,74,0.66,RU,1698528076
465,iaciara,-14.0958,-46.6317,27.72,54,80,1.6,BR,1698528076
466,moradabad,28.8333,78.7833,19.19,50,1,1.42,IN,1698528077
467,wynyard,-41.0,145.7167,10.11,70,99,1.22,AU,1698528077
468,dudinka,69.4058,86.1778,-14.1,92,59,5.81,RU,1698528077
469,nuku'alofa,-21.1333,-175.2,22.87,84,21,8.05,TO,1698527930
470,praia da vitoria,38.7333,-27.0667,18.14,63,40,9.02,PT,1698528077
471,corfu,39.62,19.9197,22.88,78,40,1.54,GR,1698528078
472,septemvri,42.2167,24.1,14.24,51,19,2.13,BG,1698528078
473,lanivtsi,49.8633,26.0908,8.99,84,66,4.68,UA,1698528078
474,polyarnyy,69.1989,33.4478,-5.55,91,96,1.85,RU,1698528078
475,perry,37.2506,-83.1999,28.1,62,100,1.7,US,1698528078
476,north bend,43.4065,-124.2243,14.58,44,0,5.66,US,1698528079
477,malango,-2.9627,119.9001,17.27,72,43,1.33,ID,1698528079
478,bengkulu,-3.8004,102.2655,23.63,92,46,2.3,ID,1698528079
479,hluti,-27.2167,31.6167,16.64,86,100,3.59,SZ,1698528079
480,grand rapids,42.9634,-85.6681,11.36,59,75,3.6,US,1698528006
481,tezu,27.9167,96.1667,19.14,65,0,1.72,IN,1698528080
482,kruisfontein,-34.0033,24.7314,10.78,57,90,4.41,ZA,1698528080
483,fayzabad,37.1166,70.58,16.81,32,100,1.52,AF,1698528080
484,kimamba,-6.7833,37.1333,24.02,80,100,2.75,TZ,1698528080
485,jieshi,22.8134,115.8257,22.92,82,98,6.93,CN,1698528080
486,shetpe,44.1667,52.1167,18.04,51,100,4.72,KZ,1698528081
487,labrador city,52.9463,-66.9114,0.95,75,75,9.77,CA,1698528082
488,arvayheer,46.2639,102.775,-0.95,71,100,1.39,MN,1698528082
489,bilovods'k,49.2085,39.5897,12.23,63,73,11.83,UA,1698528082
490,dunay,42.8803,132.3375,2.62,49,9,3.57,RU,1698527929
491,kundiawa,-6.0167,144.9667,17.88,95,81,1.09,PG,1698528082
492,duobao,30.67,112.6895,17.59,72,5,1.14,CN,1698528082
493,broome,42.2506,-75.833,14.83,75,40,5.66,US,1698528083
494,hilo,19.7297,-155.09,28.4,71,0,3.6,US,1698528083
495,nuuk,64.1835,-51.7216,-3.66,80,40,7.2,GL,1698528083
496,novo oriente,-5.5344,-40.7742,32.78,22,8,2.69,BR,1698528083
497,tlahualilo de zaragoza,26.1167,-103.45,29.85,30,33,5.55,MX,1698528083
498,magistral'nyy,56.1725,107.4458,-5.35,67,17,2.07,RU,1698528084
499,charlottetown,46.2352,-63.1267,20.29,73,75,6.69,CA,1698528084
500,north side,19.35,-81.2,30.04,69,20,6.69,KY,1698528084
501,happy valley-goose bay,53.3168,-60.3315,2.17,100,75,2.06,CA,1698528084
502,crane,31.3974,-102.3501,26.9,52,29,9.68,US,1698528084
503,kavaratti,10.5669,72.642,28.44,71,47,1.94,IN,1698528084
504,guercif,34.2257,-3.3536,20.26,62,50,0.99,MA,1698528085
505,nadym,65.5333,72.5167,-9.83,95,64,3.42,RU,1698528085
506,cockburn town,21.4612,-71.1419,27.98,69,40,6.17,TC,1698528085
507,opuwo,-18.0607,13.84,24.32,26,86,3.43,NA,1698528086
508,rouyn-noranda,48.2398,-79.0288,0.05,59,100,5.66,CA,1698528086
509,lazaro cardenas,17.9583,-102.2,29.13,72,88,3.67,MX,1698528086
510,northam,51.0333,-4.2167,11.48,91,74,4.41,GB,1698528086
511,pechory,57.8164,27.6119,-0.3,96,93,1.87,RU,1698528087
512,kargopol',61.5071,38.9456,-3.25,95,100,2.14,RU,1698528087
513,veraval,20.9,70.3667,26.87,60,100,1.49,IN,1698528087
514,hafnarfjordur,64.0671,-21.9377,4.21,64,0,3.09,IS,1698528087
515,"laikit, laikit ii (dimembe)",1.4792,124.9735,18.47,94,20,1.54,ID,1698528087
516,tchibanga,-2.85,11.0333,23.23,93,11,0.89,GA,1698528087
517,nar'yan-mar,67.6713,53.087,-12.16,90,100,3.58,RU,1698528088
518,mancio lima,-7.6142,-72.8958,26.04,89,75,2.57,BR,1698528088
519,copala,16.65,-98.9833,29.48,72,100,4.49,MX,1698528088
520,rongelap,11.1635,166.8941,28.27,78,18,6.4,MH,1698528088
521,pemba,-12.974,40.5178,26.39,89,75,3.6,MZ,1698528088
522,camapua,-19.5314,-54.0439,35.52,30,48,6.31,BR,1698528089
523,turbat,26.0023,63.044,26.13,60,0,1.58,PK,1698528089
524,badiyah,22.45,58.8,24.94,63,91,2.66,OM,1698528089
525,vorkuta,67.5,64.0,-17.77,100,95,0.7,RU,1698528089
526,timbuktu,16.7735,-3.0074,32.51,10,2,3.97,ML,1698528089
527,refojos de basto,41.5132,-7.9952,15.49,96,100,7.97,PT,1698528090
528,emerald,-23.5333,148.1667,19.63,63,31,5.72,AU,1698528090
529,rockland,41.1668,-74.0496,26.43,64,34,4.07,US,1698528090
530,boca del mar,26.3451,-80.1467,28.34,68,40,9.26,US,1698528090
531,al jawf,29.5,38.75,18.67,83,100,4.21,SA,1698528090
532,revda,56.801,59.9303,-4.12,94,100,4.57,RU,1698528091
533,el jadid,33.2549,-8.506,19.78,66,90,2.6,MA,1698528091
534,krasnokamensk,50.0979,118.0369,1.5,64,100,4.21,RU,1698528091
535,xuddur,4.1213,43.8894,23.56,85,99,4.15,SO,1698528091
536,quellon,-43.1167,-73.6167,7.47,78,63,10.4,CL,1698528092
537,chernyshevskiy,63.0128,112.4714,-9.94,93,94,3.51,RU,1698528092
538,kourou,5.1552,-52.6478,30.03,79,52,5.3,GF,1698528092
539,san luis de la loma,17.2706,-100.8939,28.66,77,100,2.68,MX,1698528005
540,severnoye,56.3491,78.3619,-6.12,87,11,1.79,RU,1698528092
541,talagutong,6.2644,125.6678,26.84,80,100,2.13,PH,1698528092
542,meads,38.4126,-82.7091,25.25,80,75,0.0,US,1698528092
543,labytnangi,66.6572,66.4183,-11.82,89,90,1.67,RU,1698527885
544,nova vicosa,-17.8919,-39.3719,25.46,83,99,6.32,BR,1698528093
545,osakarovka,50.565,72.5692,0.16,98,100,5.1,KZ,1698528093
546,socorro,31.6546,-106.3033,28.56,13,0,7.2,US,1698527875
547,tucumcari,35.1717,-103.725,14.91,77,100,5.66,US,1698528093
548,sipalay,9.75,122.5,24.49,90,10,1.78,PH,1698528093
549,brisas de zicatela,15.8369,-97.0419,29.36,74,62,3.76,MX,1698528094
550,colonia,50.9333,6.95,13.19,89,40,5.14,DE,1698527851
551,solnechnogorsk,56.1833,36.9833,0.01,97,100,3.73,RU,1698528094
552,tra mhor,52.1624,-7.1524,9.24,73,100,3.13,IE,1698528094
553,honcho,35.6931,139.9833,17.83,69,87,5.32,JP,1698528094
